{"id": "7", "runtimes": 843.4434683322906, "finalP": 0.9677358400955435, "u": 1.4, "x_margin": 0.001, "w_margin": 0.5, "sigma": 3.0113975804882553}