{"isfirst": 1, "id": 13, "runtimes": 30220.34033060074, "finalP": 0.9472447271605, "u": 0.2, "x_margin": 0.001, "w_margin": 0.5, "sigma": 2.934911868680564}