{"isfirst": 1, "id": 20, "runtimes": 17210.881573677063, "finalP": 0.9627285112377622, "u": 0.2, "x_margin": 0.001, "w_margin": 0.5, "sigma": 2.8743636013767135}